주문ID,배송완료여부,고객등급,고객명,성별,나이,동시주문상품수,쿠폰사용횟수,주문번호,결제금액,배송지코드,주문채널
1,0,3,이지훈,남성,22.0,1,0,ORD2024-000001,7000,,웹
2,1,1,정하영,여성,38.0,1,0,ORD2024-000002,71000,SEO-850,모바일
3,1,3,최민수,여성,26.0,0,0,ORD2024-000003,8000,,웹
4,1,1,이도윤,여성,35.0,1,0,ORD2024-000004,53000,BS-743,웹
5,0,3,이채원,남성,35.0,0,0,ORD2024-000005,8000,,웹
6,0,3,조지훈,남성,,0,0,ORD2024-000006,8000,,전화
7,0,1,김서연,남성,54.0,0,0,ORD2024-000007,52000,SEO-890,웹
8,0,3,최하영,남성,2.0,3,1,ORD2024-000008,21000,,웹
9,1,3,장채원,여성,27.0,0,2,ORD2024-000009,11000,,웹
10,1,2,김도윤,여성,14.0,1,0,ORD2024-000010,30000,,모바일
11,1,3,최도윤,여성,4.0,1,1,ORD2024-000011,17000,BS-852,웹
12,1,1,조하영,여성,58.0,0,0,ORD2024-000012,27000,GG-236,웹
13,0,3,한채원,남성,20.0,0,0,ORD2024-000013,8000,,웹
14,0,3,정지훈,남성,39.0,1,5,ORD2024-000014,31000,,웹
15,0,3,박예린,여성,14.0,0,0,ORD2024-000015,8000,,웹
16,1,2,윤수빈,여성,55.0,0,0,ORD2024-000016,16000,,웹
17,0,3,박하영,남성,2.0,4,1,ORD2024-000017,29000,,전화
18,1,2,윤서연,남성,,0,0,ORD2024-000018,13000,,웹
19,0,3,이예린,여성,31.0,1,0,ORD2024-000019,18000,,웹
20,1,3,이현우,여성,,0,0,ORD2024-000020,7000,,모바일
21,0,2,윤채원,남성,35.0,0,0,ORD2024-000021,26000,,웹
22,1,2,정지훈,남성,34.0,0,0,ORD2024-000022,13000,SEO-460,웹
23,1,3,한도윤,여성,15.0,0,0,ORD2024-000023,8000,,전화
24,1,1,이예린,남성,28.0,0,0,ORD2024-000024,36000,BS-446,웹
25,0,3,이도윤,여성,8.0,3,1,ORD2024-000025,21000,,웹
26,1,3,정채원,여성,38.0,1,5,ORD2024-000026,31000,,웹
27,0,3,윤채원,남성,,0,0,ORD2024-000027,7000,,모바일
28,0,1,최서연,남성,19.0,3,2,ORD2024-000028,263000,BS-279,웹
29,1,3,김하영,여성,,0,0,ORD2024-000029,8000,,전화
30,0,3,정서연,남성,,0,0,ORD2024-000030,8000,,웹
31,0,1,최서연,남성,40.0,0,0,ORD2024-000031,28000,,모바일
32,1,1,조수빈,여성,,1,0,ORD2024-000032,147000,BS-575,모바일
33,1,3,한현우,여성,,0,0,ORD2024-000033,8000,,전화
34,0,2,박현우,남성,66.0,0,0,ORD2024-000034,10000,,웹
35,0,1,윤하영,남성,28.0,1,0,ORD2024-000035,82000,,모바일
36,0,1,정서연,남성,42.0,1,0,ORD2024-000036,52000,,웹
37,1,3,서민수,남성,,0,0,ORD2024-000037,7000,,모바일
38,0,3,장하영,남성,21.0,0,0,ORD2024-000038,8000,,웹
39,0,3,박지아,여성,18.0,2,0,ORD2024-000039,18000,,웹
40,1,3,조수빈,여성,14.0,1,0,ORD2024-000040,11000,,모바일
41,0,3,장하영,여성,40.0,1,0,ORD2024-000041,9000,,웹
42,0,2,윤지훈,여성,27.0,1,0,ORD2024-000042,21000,,웹
43,0,3,최지훈,남성,,0,0,ORD2024-000043,8000,,모바일
44,1,2,윤예린,여성,3.0,1,2,ORD2024-000044,42000,,모바일
45,1,3,정서연,여성,19.0,0,0,ORD2024-000045,8000,,전화
46,0,3,최채원,남성,,0,0,ORD2024-000046,8000,,웹
47,0,3,윤하영,남성,,1,0,ORD2024-000047,16000,,전화
48,1,3,한예린,여성,,0,0,ORD2024-000048,8000,,전화
49,0,3,한민수,남성,,2,0,ORD2024-000049,22000,,모바일
50,0,3,정민수,여성,18.0,1,0,ORD2024-000050,18000,,웹
51,0,3,최도윤,남성,7.0,4,1,ORD2024-000051,40000,,웹
52,0,3,장수빈,남성,21.0,0,0,ORD2024-000052,8000,,웹
53,1,1,서예린,여성,49.0,1,0,ORD2024-000053,77000,BS-590,모바일
54,1,2,서예린,여성,29.0,1,0,ORD2024-000054,26000,,웹
55,0,1,윤하영,남성,65.0,0,1,ORD2024-000055,62000,BS-286,모바일
56,1,1,박도윤,남성,,0,0,ORD2024-000056,36000,SEO-164,웹
57,1,2,한서연,여성,21.0,0,0,ORD2024-000057,10000,,웹
58,0,3,김서연,남성,28.5,0,0,ORD2024-000058,7000,,모바일
59,1,2,박민수,여성,5.0,1,2,ORD2024-000059,28000,,웹
60,0,3,조채원,남성,11.0,5,2,ORD2024-000060,47000,,웹
61,0,3,이예린,남성,22.0,0,0,ORD2024-000061,7000,,모바일
62,1,1,조채원,여성,38.0,0,0,ORD2024-000062,80000,BS-894,
63,0,1,한도윤,남성,45.0,1,0,ORD2024-000063,83000,GG-137,웹
64,0,3,정도윤,남성,4.0,3,2,ORD2024-000064,28000,,웹
65,0,1,김서연,남성,,0,0,ORD2024-000065,28000,,모바일
66,1,3,장수빈,남성,,1,1,ORD2024-000066,15000,,모바일
67,1,2,윤서연,여성,29.0,0,0,ORD2024-000067,10000,GG-306,웹
68,0,3,정예린,남성,19.0,0,0,ORD2024-000068,8000,,웹
69,1,3,박지아,여성,17.0,4,2,ORD2024-000069,8000,,웹
70,0,3,김수빈,남성,26.0,2,0,ORD2024-000070,9000,,웹
71,0,2,장민수,남성,32.0,0,0,ORD2024-000071,10000,,웹
72,0,3,장서연,여성,16.0,5,2,ORD2024-000072,47000,,웹
73,0,2,정도윤,남성,21.0,0,0,ORD2024-000073,74000,,웹
74,0,3,서하영,남성,26.0,1,0,ORD2024-000074,14000,,모바일
75,1,3,박현우,남성,32.0,0,0,ORD2024-000075,56000,,웹
76,0,3,박도윤,남성,25.0,0,0,ORD2024-000076,8000,SEO-910,웹
77,0,3,장지훈,남성,,0,0,ORD2024-000077,8000,,웹
78,0,3,서현우,남성,,0,0,ORD2024-000078,8000,,웹
79,1,2,한지훈,남성,0.83,0,2,ORD2024-000079,29000,,웹
80,1,3,이현우,여성,30.0,0,0,ORD2024-000080,12000,,웹
81,0,3,정하영,남성,22.0,0,0,ORD2024-000081,9000,,웹
82,1,3,김하영,남성,29.0,0,0,ORD2024-000082,10000,,웹
83,1,3,서서연,여성,,0,0,ORD2024-000083,8000,,전화
84,0,1,이지아,남성,28.0,0,0,ORD2024-000084,47000,,웹
85,1,2,이도윤,여성,17.0,0,0,ORD2024-000085,10000,,웹
_,1,3,박민수,여성,33.0,3,0,ORD2024-000086,16000,,웹
87,0,3,한도윤,남성,16.0,1,3,ORD2024-000087,34000,,웹
88,0,3,박수빈,남성,,0,0,ORD2024-000088,8000,,웹
89,1,1,장채원,여성,23.0,3,2,ORD2024-000089,263000,SEO-142,웹
90,0,3,조하영,남성,24.0,0,0,ORD2024-000090,8000,,웹
91,0,3,장하영,남성,29.0,0,0,ORD2024-000091,8000,,웹
92,0,3,정예린,남성,20.0,0,0,ORD2024-000092,8000,,웹
93,0,1,윤지아,남성,46.0,1,0,ORD2024-000093,61000,GG-417,웹
94,0,3,장지아,남성,26.0,1,2,ORD2024-000094,21000,,웹
95,0,3,이하영,남성,59.0,0,0,ORD2024-000095,7000,,웹
96,0,3,최서연,남성,,0,0,ORD2024-000096,8000,,웹
97,0,1,윤지훈,남성,71.0,0,0,ORD2024-000097,35000,BS-507,모바일
98,1,1,서도윤,남성,23.0,0,1,ORD2024-000098,63000,BS-584,모바일
99,1,2,최채원,여성,34.0,0,1,ORD2024-000099,23000,,웹
100,0,2,최지훈,남성,34.0,1,0,ORD2024-000100,26000,,웹
101,0,3,이지훈,여성,28.0,0,0,ORD2024-000101,8000,,웹
102,0,3,최서연,남성,,0,0,ORD2024-000102,8000,,웹
103,0,1,김현우,남성,21.0,0,1,ORD2024-000103,77000,GG-137,웹
104,0,3,이도윤,남성,33.0,0,0,ORD2024-000104,9000,,웹
105,0,3,최수빈,남성,37.0,2,0,ORD2024-000105,8000,,웹
106,0,3,한하영,남성,28.0,0,0,ORD2024-000106,8000,,웹
107,1,3,장민수,여성,21.0,0,0,ORD2024-000107,8000,,웹
108,1,3,서채원,남성,,0,0,ORD2024-000108,8000,,웹
109,0,3,한하영,남성,38.0,0,0,ORD2024-000109,8000,,웹
110,1,3,한예린,여성,,1,0,ORD2024-000110,24000,,전화
111,0,1,최서연,남성,47.0,0,0,ORD2024-000111,52000,BS-295,웹
112,0,3,이예린,여성,14.5,1,0,ORD2024-000112,14000,,모바일
113,0,3,윤예린,남성,22.0,0,0,ORD2024-000113,8000,,웹
114,0,3,조지아,여성,20.0,1,0,ORD2024-000114,10000,,웹
115,0,3,김서연,여성,17.0,0,0,ORD2024-000115,14000,,모바일
116,0,3,김예린,남성,21.0,0,0,ORD2024-000116,8000,,웹
117,0,3,윤서연,남성,70.5,0,0,ORD2024-000117,8000,,전화
118,0,2,최하영,남성,29.0,1,0,ORD2024-000118,21000,,웹
119,0,1,최도윤,남성,24.0,0,1,ORD2024-000119,248000,GG-465,모바일
120,0,3,한민수,여성,2.0,4,2,ORD2024-000120,31000,,웹
121,0,2,조민수,남성,21.0,2,0,ORD2024-000121,74000,,웹
122,0,3,정지아,남성,,0,0,ORD2024-000122,8000,,웹
123,0,2,최서연,남성,32.5,1,0,ORD2024-000123,30000,,모바일
124,1,2,한도윤,여성,32.5,0,0,ORD2024-000124,13000,SEO-986,웹
125,0,1,이지훈,남성,54.0,0,1,ORD2024-000125,77000,BS-439,웹
126,1,3,장지훈,남성,12.0,1,0,ORD2024-000126,11000,,모바일
127,0,3,이하영,남성,,0,0,ORD2024-000127,8000,,전화
128,1,3,박예린,남성,24.0,0,0,ORD2024-000128,7000,,웹
129,1,3,한지아,여성,,1,1,ORD2024-000129,22000,GG-227,모바일
130,0,3,최예린,남성,45.0,0,0,ORD2024-000130,7000,,웹
131,0,3,김민수,남성,33.0,0,0,ORD2024-000131,8000,,모바일
132,0,3,조지훈,남성,20.0,0,0,ORD2024-000132,7000,,웹
133,0,3,조수빈,여성,47.0,1,0,ORD2024-000133,14000,,웹
134,1,2,한수빈,여성,29.0,1,0,ORD2024-000134,26000,,웹
135,0,2,조도윤,남성,25.0,0,0,ORD2024-000135,13000,,웹
136,0,2,한민수,남성,23.0,0,0,ORD2024-000136,15000,,모바일
137,1,1,최수빈,여성,19.0,0,2,ORD2024-000137,26000,GG-547,웹
138,0,1,최지훈,남성,37.0,1,0,ORD2024-000138,53000,GG-861,웹
139,0,3,서도윤,남성,16.0,0,0,ORD2024-000139,9000,,웹
140,0,1,김현우,남성,24.0,0,0,ORD2024-000140,79000,GG-495,모바일
141,0,3,김지훈,여성,,0,2,ORD2024-000141,15000,,모바일
142,1,3,서지아,여성,22.0,0,0,ORD2024-000142,8000,,웹
143,1,3,장도윤,여성,24.0,1,0,ORD2024-000143,16000,,웹
144,0,3,박지훈,남성,19.0,0,0,ORD2024-000144,7000,,전화
145,0,2,장서연,남성,18.0,0,0,ORD2024-000145,12000,,웹
146,0,2,박서연,남성,19.0,1,1,ORD2024-000146,37000,,웹
147,1,3,서서연,남성,27.0,0,0,ORD2024-000147,8000,,웹
148,0,3,최예린,여성,9.0,2,2,ORD2024-000148,34000,,웹
149,0,2,이채원,남성,36.5,0,2,ORD2024-000149,26000,GG-291,웹
150,0,2,최채원,남성,42.0,0,0,ORD2024-000150,13000,,웹
151,0,2,서지훈,남성,51.0,0,0,ORD2024-000151,13000,,웹
152,1,1,서서연,여성,22.0,1,0,ORD2024-000152,67000,GG-808,웹
153,0,3,조채원,남성,55.5,0,0,ORD2024-000153,8000,,웹
154,0,3,서도윤,남성,40.5,0,2,ORD2024-000154,14000,,웹
155,0,3,윤수빈,남성,,0,0,ORD2024-000155,7000,,웹
156,0,1,최현우,남성,51.0,0,1,ORD2024-000156,61000,,모바일
157,1,3,최수빈,여성,16.0,0,0,ORD2024-000157,8000,,전화
158,0,3,조민수,남성,30.0,0,0,ORD2024-000158,8000,,웹
159,0,3,정지아,남성,,0,0,ORD2024-000159,9000,,웹
160,0,3,윤서연,남성,,8,2,ORD2024-000160,70000,,웹
161,0,3,김지아,남성,44.0,0,1,ORD2024-000161,16000,,웹
162,1,2,서채원,여성,40.0,0,0,ORD2024-000162,16000,,웹
163,0,3,이서연,남성,26.0,0,0,ORD2024-000163,8000,,웹
164,0,3,장하영,남성,17.0,0,0,ORD2024-000164,9000,,웹
165,0,3,장수빈,남성,1.0,4,1,ORD2024-000165,40000,,웹
166,1,3,박현우,남성,9.0,0,2,ORD2024-000166,21000,,웹
167,1,1,이하영,여성,,0,1,ORD2024-000167,55000,GG-476,웹
168,0,3,윤수빈,여성,45.0,1,4,ORD2024-000168,28000,,웹
169,0,1,박지아,남성,,0,0,ORD2024-000169,26000,,웹
170,0,3,장수빈,남성,28.0,0,0,ORD2024-000170,56000,,웹
171,0,1,서도윤,남성,61.0,0,0,ORD2024-000171,34000,BS-373,웹
172,0,3,김도윤,남성,4.0,4,1,ORD2024-000172,29000,,전화
173,1,3,정서연,여성,1.0,1,1,ORD2024-000173,11000,,웹
174,0,3,박수빈,남성,21.0,0,0,ORD2024-000174,8000,,웹
175,0,1,이서연,남성,56.0,0,0,ORD2024-000175,31000,SEO-844,모바일
176,0,3,장민수,남성,18.0,1,1,ORD2024-000176,8000,,웹
177,0,3,정수빈,남성,,3,1,ORD2024-000177,25000,,웹
178,0,1,서하영,여성,50.0,0,0,ORD2024-000178,29000,GG-180,모바일
179,0,2,윤하영,남성,30.0,0,0,ORD2024-000179,13000,,웹
180,0,3,정도윤,남성,36.0,0,0,ORD2024-000180,0,,웹
181,0,3,한수빈,여성,,8,2,ORD2024-000181,70000,,웹
182,0,2,김서연,남성,,0,0,ORD2024-000182,15000,,모바일
183,0,3,조수빈,남성,9.0,4,2,ORD2024-000183,31000,,웹
184,1,2,김지훈,남성,1.0,2,1,ORD2024-000184,39000,GG-716,웹
185,1,3,윤민수,여성,4.0,0,2,ORD2024-000185,22000,,웹
186,0,1,정민수,남성,,0,0,ORD2024-000186,50000,SEO-658,웹
187,1,3,한도윤,여성,,1,0,ORD2024-000187,16000,,전화
188,1,1,조도윤,남성,45.0,0,0,ORD2024-000188,27000,,웹
189,0,3,김서연,남성,40.0,1,1,ORD2024-000189,16000,,전화
190,0,3,이민수,남성,36.0,0,0,ORD2024-000190,8000,,웹
191,1,2,장지훈,여성,32.0,0,0,ORD2024-000191,13000,,웹
192,0,2,윤채원,남성,19.0,0,0,ORD2024-000192,13000,,웹
193,1,3,장민수,여성,19.0,1,0,ORD2024-000193,8000,,웹
194,1,2,조민수,남성,3.0,1,1,ORD2024-000194,26000,GG-428,웹
195,1,1,김수빈,여성,44.0,0,0,ORD2024-000195,28000,SEO-181,모바일
196,1,1,윤지훈,여성,58.0,0,0,ORD2024-000196,147000,GG-776,모바일
197,0,3,윤하영,남성,,0,0,ORD2024-000197,8000,,전화
198,0,3,최서연,남성,42.0,0,1,ORD2024-000198,8000,,웹
199,1,3,윤도윤,여성,,0,0,ORD2024-000199,8000,,전화
200,0,2,조채원,여성,24.0,0,0,ORD2024-000200,13000,,웹
201,0,3,박하영,남성,28.0,0,0,ORD2024-000201,10000,,웹
202,0,3,박민수,남성,,8,2,ORD2024-000202,70000,,웹
203,0,3,조지훈,남성,34.0,0,0,ORD2024-000203,6000,,웹
204,0,3,박현우,남성,45.5,0,0,ORD2024-000204,7000,,모바일
205,1,3,조하영,남성,18.0,0,0,ORD2024-000205,8000,,웹
206,0,3,정민수,여성,2.0,0,1,ORD2024-000206,10000,GG-413,웹
207,0,3,이예린,남성,32.0,1,0,ORD2024-000207,16000,,웹
208,1,3,김지아,남성,26.0,0,0,ORD2024-000208,19000,,모바일
209,1,3,최하영,여성,16.0,0,0,ORD2024-000209,8000,,전화
210,1,1,한현우,남성,40.0,0,0,ORD2024-000210,31000,GG-717,모바일
211,0,3,정하영,남성,24.0,0,0,ORD2024-000211,7000,,웹
212,1,2,최지훈,여성,35.0,0,0,ORD2024-000212,21000,,웹
213,0,3,최예린,남성,22.0,0,0,ORD2024-000213,7000,,웹
214,0,2,윤수빈,남성,30.0,0,0,ORD2024-000214,13000,,웹
215,0,3,이수빈,남성,,1,0,ORD2024-000215,8000,,전화
216,1,1,윤도윤,여성,31.0,1,0,ORD2024-000216,113000,BS-536,모바일
217,1,3,조도윤,여성,27.0,0,0,ORD2024-000217,8000,,웹
218,0,2,윤지훈,남성,42.0,1,0,ORD2024-000218,27000,,웹
219,1,1,이수빈,여성,32.0,0,0,ORD2024-000219,76000,SEO-806,모바일
220,0,2,박채원,남성,30.0,0,0,ORD2024-000220,10000,,웹
221,1,3,정지훈,남성,16.0,0,0,ORD2024-000221,8000,,웹
222,0,2,이채원,남성,27.0,0,0,ORD2024-000222,13000,,웹
223,0,3,조현우,남성,51.0,0,0,ORD2024-000223,8000,,웹
224,0,3,윤예린,남성,,0,0,ORD2024-000224,8000,,웹
225,1,1,서도윤,남성,38.0,1,0,ORD2024-000225,90000,GG-459,웹
226,0,3,이예린,남성,22.0,0,0,ORD2024-000226,9000,,웹
227,1,2,서하영,남성,19.0,0,0,ORD2024-000227,10000,,웹
228,0,3,정지훈,남성,20.5,0,0,ORD2024-000228,7000,,웹
229,0,2,조지훈,남성,18.0,0,0,ORD2024-000229,13000,,웹
230,0,3,장도윤,여성,,3,1,ORD2024-000230,25000,,웹
231,1,1,최현우,여성,35.0,1,0,ORD2024-000231,83000,GG-143,웹
232,0,3,조서연,남성,29.0,0,0,ORD2024-000232,8000,,웹
233,0,2,윤채원,남성,59.0,0,0,ORD2024-000233,14000,,웹
234,1,3,윤서연,여성,5.0,4,2,ORD2024-000234,31000,,웹
235,0,2,정도윤,남성,24.0,0,0,ORD2024-000235,10000,,웹
236,0,3,정예린,여성,,0,0,ORD2024-000236,8000,,웹
237,0,2,윤예린,남성,44.0,1,0,ORD2024-000237,26000,,웹
238,1,2,정도윤,여성,8.0,0,2,ORD2024-000238,26000,,웹
239,0,2,박하영,남성,19.0,0,0,ORD2024-000239,10000,,웹
240,0,2,조예린,남성,33.0,0,0,ORD2024-000240,12000,,웹
241,0,3,박채원,여성,,1,0,ORD2024-000241,14000,,모바일
242,1,3,서수빈,여성,,1,0,ORD2024-000242,16000,,전화
243,0,2,조도윤,남성,29.0,0,0,ORD2024-000243,10000,,웹
244,0,3,김수빈,남성,22.0,0,0,ORD2024-000244,7000,,웹
245,0,3,정하영,남성,30.0,0,0,ORD2024-000245,7000,,모바일
246,0,1,조채원,남성,44.0,2,0,ORD2024-000246,90000,BS-990,전화
247,0,3,서현우,여성,25.0,0,0,ORD2024-000247,8000,,웹
248,1,2,한지아,여성,24.0,0,2,ORD2024-000248,14000,,웹
249,1,1,한하영,남성,37.0,1,1,ORD2024-000249,53000,GG-729,웹
250,0,2,장지아,남성,54.0,1,0,ORD2024-000250,26000,,웹
251,0,3,박서연,남성,,0,0,ORD2024-000251,7000,,웹
252,0,3,정도윤,여성,29.0,1,1,ORD2024-000252,10000,GG-381,웹
253,0,1,서현우,남성,62.0,0,0,ORD2024-000253,27000,BS-910,웹
254,0,3,이하영,남성,30.0,1,0,ORD2024-000254,16000,,웹
255,0,3,정하영,여성,41.0,0,2,ORD2024-000255,20000,,웹
256,1,3,최민수,여성,29.0,0,2,ORD2024-000256,15000,,모바일
257,1,1,김지훈,여성,,0,0,ORD2024-000257,79000,,모바일
258,1,1,최지아,여성,30.0,0,0,ORD2024-000258,86000,SEO-176,웹
259,1,1,서서연,여성,35.0,0,0,ORD2024-000259,512000,,모바일
260,1,2,한예린,여성,50.0,0,1,ORD2024-000260,26000,,웹
261,0,3,서하영,남성,,0,0,ORD2024-000261,8000,,전화
262,1,3,조지아,남성,3.0,4,2,ORD2024-000262,31000,,웹
263,0,1,조하영,남성,52.0,1,1,ORD2024-000263,80000,BS-752,웹
264,0,1,박지훈,남성,40.0,0,0,ORD2024-000264,0,GG-472,웹
265,0,3,이예린,여성,,0,0,ORD2024-000265,8000,,전화
266,0,2,최민수,남성,36.0,0,0,ORD2024-000266,10000,,웹
267,0,3,장지아,남성,16.0,4,1,ORD2024-000267,40000,,웹
268,1,3,김도윤,남성,25.0,1,0,ORD2024-000268,8000,,웹
269,1,1,최서연,여성,58.0,0,1,ORD2024-000269,153000,BS-920,웹
270,1,1,한민수,여성,35.0,0,0,ORD2024-000270,136000,BS-795,웹
271,0,1,한도윤,남성,,0,0,ORD2024-000271,31000,,웹
272,1,3,장채원,남성,25.0,0,0,ORD2024-000272,0,,웹
273,1,2,윤지아,여성,41.0,0,1,ORD2024-000273,20000,,웹
274,0,1,서도윤,남성,37.0,0,1,ORD2024-000274,30000,SEO-131,모바일
275,1,3,조도윤,여성,,0,0,ORD2024-000275,8000,,전화
276,1,1,한민수,여성,63.0,1,0,ORD2024-000276,78000,SEO-969,웹
277,0,3,한지아,여성,45.0,0,0,ORD2024-000277,8000,,웹
278,0,2,정하영,남성,,0,0,ORD2024-000278,0,,웹
279,0,3,정도윤,남성,7.0,4,1,ORD2024-000279,29000,,전화
280,1,3,한하영,여성,35.0,1,1,ORD2024-000280,20000,,웹
281,0,3,정지아,남성,65.0,0,0,ORD2024-000281,8000,,전화
282,0,3,이수빈,남성,28.0,0,0,ORD2024-000282,8000,,웹
283,0,3,최수빈,남성,16.0,0,0,ORD2024-000283,10000,,웹
284,1,3,윤현우,남성,19.0,0,0,ORD2024-000284,8000,,웹
285,0,1,장서연,남성,,0,0,ORD2024-000285,26000,BS-794,웹
286,0,3,박민수,남성,33.0,0,0,ORD2024-000286,9000,,모바일
287,1,3,최예린,남성,30.0,0,0,ORD2024-000287,10000,,웹
288,0,3,박하영,남성,22.0,0,0,ORD2024-000288,8000,,웹
289,1,2,이예린,남성,42.0,0,0,ORD2024-000289,13000,,웹
290,1,3,조현우,여성,22.0,0,0,ORD2024-000290,8000,,전화
291,1,1,장지아,여성,26.0,0,0,ORD2024-000291,79000,,웹
292,1,1,조지훈,여성,19.0,1,0,ORD2024-000292,91000,GG-135,모바일
293,0,2,최예린,남성,36.0,0,0,ORD2024-000293,13000,SEO-168,모바일
294,0,3,조채원,여성,24.0,0,0,ORD2024-000294,9000,,웹
295,0,3,김채원,남성,24.0,0,0,ORD2024-000295,8000,,웹
296,0,1,조지아,남성,,0,0,ORD2024-000296,28000,,모바일
297,0,3,김현우,남성,23.5,0,0,ORD2024-000297,7000,,모바일
298,0,1,정예린,여성,2.0,1,2,ORD2024-000298,152000,SEO-897,웹
299,1,1,조도윤,남성,,0,0,ORD2024-000299,30000,BS-475,웹
300,1,1,장채원,여성,50.0,0,1,ORD2024-000300,248000,GG-492,모바일
301,1,3,최지아,여성,,0,0,ORD2024-000301,8000,,전화
302,1,3,최수빈,남성,,2,0,ORD2024-000302,23000,,전화
303,0,3,조지아,남성,19.0,0,0,ORD2024-000303,0,,웹
304,1,2,김예린,여성,,0,0,ORD2024-000304,12000,BS-133,전화
305,0,3,윤예린,남성,,0,0,ORD2024-000305,8000,,웹
306,1,1,박지아,남성,0.92,1,2,ORD2024-000306,152000,BS-257,웹
307,1,1,박채원,여성,,0,0,ORD2024-000307,111000,,모바일
308,1,1,장지훈,여성,17.0,1,0,ORD2024-000308,109000,BS-560,모바일
309,0,2,조채원,남성,30.0,1,0,ORD2024-000309,24000,,모바일
310,1,1,서지훈,여성,30.0,0,0,ORD2024-000310,57000,GG-480,모바일
311,1,1,이예린,여성,24.0,0,0,ORD2024-000311,83000,GG-881,모바일
312,1,1,박지아,여성,18.0,2,2,ORD2024-000312,262000,SEO-687,모바일
313,0,2,박지훈,여성,26.0,1,1,ORD2024-000313,26000,,웹
314,0,3,정예린,남성,28.0,0,0,ORD2024-000314,8000,,웹
315,0,2,윤하영,남성,43.0,1,1,ORD2024-000315,26000,,웹
316,1,3,한현우,여성,26.0,0,0,ORD2024-000316,8000,,웹
317,1,2,윤예린,여성,24.0,1,0,ORD2024-000317,26000,,웹
318,0,2,정예린,남성,54.0,0,0,ORD2024-000318,14000,,웹
319,1,1,정서연,여성,31.0,0,2,ORD2024-000319,165000,SEO-642,웹
320,1,1,한지훈,여성,40.0,1,1,ORD2024-000320,134000,GG-507,모바일
321,0,3,장지훈,남성,22.0,0,0,ORD2024-000321,7000,,웹
322,0,3,윤하영,남성,27.0,0,0,ORD2024-000322,8000,,웹
323,1,2,이지훈,여성,30.0,0,0,ORD2024-000323,12000,,전화
324,1,2,김하영,여성,22.0,1,1,ORD2024-000324,29000,,웹
325,0,3,최지훈,남성,,8,2,ORD2024-000325,70000,,웹
326,1,1,서민수,여성,36.0,0,0,ORD2024-000326,136000,GG-765,모바일
327,0,3,최민수,남성,61.0,0,0,ORD2024-000327,6000,,웹
328,1,2,한서연,여성,36.0,0,0,ORD2024-000328,13000,GG-355,웹
329,1,3,서하영,여성,31.0,1,1,ORD2024-000329,21000,,웹
330,1,1,한수빈,여성,16.0,0,1,ORD2024-000330,58000,SEO-126,모바일
331,1,3,윤민수,여성,,2,0,ORD2024-000331,23000,,전화
332,0,1,서채원,남성,45.5,0,0,ORD2024-000332,28000,BS-290,웹
333,0,1,이민수,남성,38.0,0,1,ORD2024-000333,153000,GG-630,웹
334,0,3,정서연,남성,16.0,2,0,ORD2024-000334,18000,,웹
335,1,1,서지훈,여성,,1,0,ORD2024-000335,134000,,웹
336,0,3,정채원,남성,,0,0,ORD2024-000336,8000,,웹
337,0,1,조예린,남성,29.0,1,0,ORD2024-000337,67000,GG-675,웹
338,1,1,최서연,여성,41.0,0,0,ORD2024-000338,134000,SEO-368,모바일
339,1,3,서하영,남성,45.0,0,0,ORD2024-000339,8000,,웹
340,0,1,이수빈,남성,45.0,0,0,ORD2024-000340,36000,GG-820,웹
341,1,2,서서연,남성,2.0,1,1,ORD2024-000341,26000,GG-319,웹
342,1,1,서지훈,여성,24.0,3,2,ORD2024-000342,263000,BS-392,웹
343,0,2,윤도윤,남성,28.0,0,0,ORD2024-000343,13000,,웹
344,0,2,조현우,남성,25.0,0,0,ORD2024-000344,13000,,웹
345,0,2,이도윤,남성,36.0,0,0,ORD2024-000345,13000,,웹
346,1,2,윤지훈,여성,24.0,0,0,ORD2024-000346,13000,BS-602,웹
347,1,2,조지아,여성,40.0,0,0,ORD2024-000347,13000,,웹
348,1,3,이예린,여성,,1,0,ORD2024-000348,16000,,웹
349,1,3,윤지아,남성,3.0,1,1,ORD2024-000349,16000,,웹
350,0,3,박예린,남성,42.0,0,0,ORD2024-000350,9000,,웹
351,0,3,박도윤,남성,23.0,0,0,ORD2024-000351,9000,,웹
352,0,1,정채원,남성,,0,0,ORD2024-000352,35000,SEO-225,웹
353,0,3,장지아,남성,15.0,1,1,ORD2024-000353,7000,,모바일
354,0,3,한예린,남성,25.0,1,0,ORD2024-000354,18000,,웹
355,0,3,서수빈,남성,,0,0,ORD2024-000355,7000,,모바일
356,0,3,윤하영,남성,28.0,0,0,ORD2024-000356,10000,,웹
357,1,1,이수빈,여성,22.0,0,1,ORD2024-000357,55000,SEO-973,웹
358,0,2,한하영,여성,38.0,0,0,ORD2024-000358,13000,,웹
359,1,3,한채원,여성,,0,0,ORD2024-000359,8000,,전화
360,1,3,서예린,여성,,0,0,ORD2024-000360,8000,,전화
361,0,3,윤지훈,남성,40.0,1,4,ORD2024-000361,28000,,웹
362,0,2,한현우,남성,29.0,1,0,ORD2024-000362,28000,,모바일
363,0,3,박지아,여성,45.0,0,1,ORD2024-000363,14000,,모바일
364,0,3,최현우,남성,35.0,0,0,ORD2024-000364,7000,,웹
365,0,3,정현우,남성,,1,0,ORD2024-000365,16000,,전화
366,0,3,정채원,남성,30.0,0,0,ORD2024-000366,7000,,웹
367,1,1,정도윤,여성,60.0,1,0,ORD2024-000367,75000,SEO-562,모바일
368,1,3,김도윤,여성,,0,0,ORD2024-000368,7000,,모바일
369,1,3,최서연,여성,,0,0,ORD2024-000369,8000,,전화
370,1,1,최예린,여성,24.0,0,0,ORD2024-000370,69000,SEO-830,모바일
371,1,1,한도윤,남성,25.0,1,0,ORD2024-000371,55000,GG-189,모바일
372,0,3,최지아,남성,18.0,1,0,ORD2024-000372,6000,,웹
373,0,3,한지아,남성,19.0,0,0,ORD2024-000373,8000,,웹
374,0,1,김서연,남성,22.0,0,0,ORD2024-000374,136000,,모바일
375,0,3,정하영,여성,3.0,3,1,ORD2024-000375,21000,,웹
376,1,1,조하영,여성,,1,0,ORD2024-000376,82000,,모바일
377,1,3,정채원,여성,22.0,0,0,ORD2024-000377,7000,,웹
378,0,1,윤지아,남성,27.0,0,2,ORD2024-000378,212000,BS-965,모바일
379,0,3,장도윤,남성,20.0,0,0,ORD2024-000379,4000,,모바일
380,0,3,윤예린,남성,19.0,0,0,ORD2024-000380,8000,,웹
381,1,1,장현우,여성,42.0,0,0,ORD2024-000381,228000,,모바일
382,1,3,윤지아,여성,1.0,0,2,ORD2024-000382,16000,,모바일
383,0,3,정수빈,남성,32.0,0,0,ORD2024-000383,8000,,웹
384,1,1,정하영,여성,35.0,1,0,ORD2024-000384,52000,,웹
385,0,3,이하영,남성,,0,0,ORD2024-000385,8000,,웹
386,0,2,윤서연,남성,18.0,0,0,ORD2024-000386,74000,,웹
387,0,3,장민수,남성,1.0,5,2,ORD2024-000387,47000,,웹
388,1,2,최하영,여성,36.0,0,0,ORD2024-000388,13000,,웹
389,0,3,한수빈,남성,,0,0,ORD2024-000389,8000,,전화
390,1,2,서도윤,여성,17.0,0,0,ORD2024-000390,12000,,모바일
391,1,1,서수빈,남성,36.0,1,2,ORD2024-000391,120000,GG-783,웹
392,1,3,이하영,남성,21.0,0,0,ORD2024-000392,8000,,웹
393,0,3,정하영,남성,28.0,2,0,ORD2024-000393,8000,,웹
394,1,1,윤민수,여성,23.0,1,0,ORD2024-000394,113000,GG-826,모바일
395,1,3,정지훈,여성,24.0,0,2,ORD2024-000395,17000,SEO-663,웹
396,0,3,장민수,남성,22.0,0,0,ORD2024-000396,8000,,웹
397,0,3,정지훈,여성,31.0,0,0,ORD2024-000397,8000,,웹
398,0,2,김도윤,남성,46.0,0,0,ORD2024-000398,26000,,웹
399,0,2,정민수,남성,23.0,0,0,ORD2024-000399,10000,,웹
400,1,2,한서연,여성,28.0,0,0,ORD2024-000400,13000,,웹
401,1,3,김채원,남성,39.0,0,0,ORD2024-000401,8000,,웹
402,0,3,정지아,남성,26.0,0,0,ORD2024-000402,8000,,웹
403,0,3,한지아,여성,21.0,1,0,ORD2024-000403,10000,,웹
404,0,3,윤민수,남성,28.0,1,0,ORD2024-000404,16000,,웹
405,0,3,김수빈,여성,20.0,0,0,ORD2024-000405,9000,,웹
406,0,2,한서연,남성,34.0,1,0,ORD2024-000406,21000,,웹
407,0,3,이예린,남성,51.0,0,0,ORD2024-000407,8000,,웹
408,1,2,한서연,남성,3.0,1,1,ORD2024-000408,19000,,웹
409,0,3,서지훈,남성,21.0,0,0,ORD2024-000409,8000,,웹
410,0,3,박민수,여성,,3,1,ORD2024-000410,25000,,웹
411,0,3,서수빈,남성,,0,0,ORD2024-000411,8000,,웹
412,0,3,이하영,남성,,0,0,ORD2024-000412,7000,,전화
413,1,1,이도윤,여성,33.0,1,0,ORD2024-000413,90000,BS-397,전화
414,0,2,조채원,남성,,0,0,ORD2024-000414,0,,웹
415,1,3,서채원,남성,44.0,0,0,ORD2024-000415,8000,,웹
416,0,3,최도윤,여성,,0,0,ORD2024-000416,8000,,웹
417,1,2,조지아,여성,34.0,1,1,ORD2024-000417,32000,,웹
418,1,2,한수빈,여성,18.0,0,2,ORD2024-000418,13000,,웹
419,0,2,서예린,남성,30.0,0,0,ORD2024-000419,13000,,웹
420,0,3,정채원,여성,10.0,0,2,ORD2024-000420,24000,,웹
421,0,3,서지훈,남성,,0,0,ORD2024-000421,8000,,모바일
422,0,3,서서연,남성,21.0,0,0,ORD2024-000422,8000,,전화
423,0,3,최하영,남성,29.0,0,0,ORD2024-000423,8000,,웹
424,0,3,정서연,여성,28.0,1,1,ORD2024-000424,14000,,웹
425,0,3,박하영,남성,18.0,1,1,ORD2024-000425,20000,,웹
426,0,3,박도윤,남성,,0,0,ORD2024-000426,7000,,웹
427,1,2,이민수,여성,28.0,1,0,ORD2024-000427,26000,,웹
428,1,2,김예린,여성,19.0,0,0,ORD2024-000428,26000,,웹
429,0,3,한채원,남성,,0,0,ORD2024-000429,8000,,전화
430,1,3,한수빈,남성,32.0,0,0,ORD2024-000430,8000,GG-971,웹
431,1,1,김하영,남성,28.0,0,0,ORD2024-000431,27000,SEO-828,웹
432,1,3,정수빈,여성,,1,0,ORD2024-000432,16000,,웹
433,1,2,한서연,여성,42.0,1,0,ORD2024-000433,26000,,웹
434,0,3,최수빈,남성,17.0,0,0,ORD2024-000434,7000,,웹
435,0,1,서하영,남성,50.0,1,0,ORD2024-000435,56000,BS-817,웹
436,1,1,조서연,여성,14.0,1,2,ORD2024-000436,120000,BS-278,웹
437,0,3,장하영,여성,21.0,2,2,ORD2024-000437,34000,,웹
438,1,2,박수빈,여성,24.0,2,3,ORD2024-000438,19000,,웹
439,0,1,박서연,남성,64.0,1,4,ORD2024-000439,263000,GG-620,웹
440,0,2,김민수,남성,31.0,0,0,ORD2024-000440,10000,,웹
441,1,2,정채원,여성,45.0,1,1,ORD2024-000441,26000,,웹
442,0,3,서수빈,남성,20.0,0,0,ORD2024-000442,10000,,웹
443,0,3,한서연,남성,25.0,1,0,ORD2024-000443,8000,,웹
444,1,2,한수빈,여성,28.0,0,0,ORD2024-000444,13000,,웹
445,1,3,조수빈,남성,,0,0,ORD2024-000445,8000,,웹
446,1,1,장도윤,남성,4.0,0,2,ORD2024-000446,82000,SEO-224,웹
447,1,2,한지아,여성,13.0,0,1,ORD2024-000447,20000,,웹
448,1,1,이채원,남성,34.0,0,0,ORD2024-000448,27000,,웹
449,1,3,김예린,여성,5.0,2,1,ORD2024-000449,19000,,모바일
450,1,1,윤채원,남성,52.0,0,0,ORD2024-000450,30000,SEO-911,웹
451,0,2,정지훈,남성,36.0,1,2,ORD2024-000451,28000,,웹
452,0,3,이하영,남성,,1,0,ORD2024-000452,20000,,웹
453,0,1,서채원,남성,30.0,0,0,ORD2024-000453,28000,SEO-342,모바일
454,1,1,김수빈,남성,49.0,1,0,ORD2024-000454,89000,GG-126,모바일
455,0,3,서지훈,남성,,0,0,ORD2024-000455,8000,,웹
456,1,3,박지아,남성,29.0,0,0,ORD2024-000456,8000,,모바일
457,0,1,장지아,남성,65.0,0,0,ORD2024-000457,27000,GG-667,웹
458,1,1,정민수,여성,,1,0,ORD2024-000458,52000,BS-477,웹
459,1,2,서예린,여성,50.0,0,0,ORD2024-000459,10000,,웹
460,0,3,한서연,남성,,0,0,ORD2024-000460,8000,,전화
461,1,1,한현우,남성,48.0,0,0,ORD2024-000461,27000,GG-922,웹
462,0,3,조현우,남성,34.0,0,0,ORD2024-000462,8000,,웹
463,0,1,윤서연,남성,47.0,0,0,ORD2024-000463,38000,BS-232,웹
464,0,2,박현우,남성,48.0,0,0,ORD2024-000464,13000,,웹
465,0,3,조지아,남성,,0,0,ORD2024-000465,8000,,웹
466,0,3,정예린,남성,38.0,0,0,ORD2024-000466,7000,,웹
467,0,2,장지훈,남성,,0,0,ORD2024-000467,0,,웹
468,0,1,한서연,남성,56.0,0,0,ORD2024-000468,27000,,웹
469,0,3,윤수빈,남성,,0,0,ORD2024-000469,8000,,전화
470,1,3,윤서연,여성,0.75,2,1,ORD2024-000470,19000,,모바일
471,0,3,조도윤,남성,,0,0,ORD2024-000471,7000,,웹
472,0,3,김도윤,남성,38.0,0,0,ORD2024-000472,9000,,웹
473,1,2,한예린,여성,33.0,1,2,ORD2024-000473,28000,,웹
474,1,2,김하영,여성,23.0,0,0,ORD2024-000474,14000,BS-188,모바일
475,0,3,장현우,여성,22.0,0,0,ORD2024-000475,10000,,웹
476,0,1,서지아,남성,,0,0,ORD2024-000476,52000,SEO-416,웹
477,0,2,한지훈,남성,34.0,1,0,ORD2024-000477,21000,,웹
478,0,3,최수빈,남성,29.0,1,0,ORD2024-000478,7000,,웹
479,0,3,장민수,남성,22.0,0,0,ORD2024-000479,8000,,웹
480,1,3,정지아,여성,2.0,0,1,ORD2024-000480,12000,,웹
481,0,3,한서연,남성,9.0,5,2,ORD2024-000481,47000,,웹
482,0,2,김채원,남성,,0,0,ORD2024-000482,0,,웹
483,0,3,최민수,남성,50.0,0,0,ORD2024-000483,8000,,웹
484,1,3,정도윤,여성,63.0,0,0,ORD2024-000484,10000,,웹
485,1,1,김도윤,남성,25.0,1,0,ORD2024-000485,91000,GG-834,모바일
486,0,3,조서연,여성,,3,1,ORD2024-000486,25000,,웹
487,1,1,최서연,여성,35.0,1,0,ORD2024-000487,90000,BS-590,웹
488,0,1,한서연,남성,58.0,0,0,ORD2024-000488,30000,BS-520,모바일
489,0,3,박지아,남성,30.0,0,0,ORD2024-000489,8000,,웹
490,1,3,정도윤,남성,9.0,1,1,ORD2024-000490,16000,,웹
491,0,3,정예린,남성,,1,0,ORD2024-000491,20000,,웹
492,0,3,한지아,남성,21.0,0,0,ORD2024-000492,7000,,웹
493,0,1,최지아,남성,55.0,0,0,ORD2024-000493,30000,GG-943,웹
494,0,1,장민수,남성,71.0,0,0,ORD2024-000494,50000,,모바일
495,0,3,조하영,남성,21.0,0,0,ORD2024-000495,8000,,웹
496,0,3,서도윤,남성,,0,0,ORD2024-000496,14000,,모바일
497,1,1,박서연,여성,54.0,1,0,ORD2024-000497,78000,BS-175,모바일
498,0,3,정예린,남성,,0,0,ORD2024-000498,15000,,웹
499,0,1,윤도윤,여성,25.0,1,2,ORD2024-000499,152000,SEO-424,웹
500,0,3,정지훈,남성,24.0,0,0,ORD2024-000500,8000,,웹
501,0,3,정수빈,남성,17.0,0,0,ORD2024-000501,9000,,웹
502,0,3,서채원,여성,21.0,0,0,ORD2024-000502,8000,,전화
503,0,3,한민수,여성,,0,0,ORD2024-000503,8000,,전화
504,0,3,한도윤,여성,37.0,0,0,ORD2024-000504,10000,,웹
505,1,1,한현우,여성,16.0,0,0,ORD2024-000505,86000,BS-175,웹
506,0,1,윤도윤,남성,18.0,1,0,ORD2024-000506,109000,GG-577,모바일
507,1,2,장예린,여성,33.0,0,2,ORD2024-000507,26000,,웹
508,1,1,한현우,남성,,0,0,ORD2024-000508,27000,,웹
509,0,3,최하영,남성,28.0,0,0,ORD2024-000509,23000,,웹
510,1,3,서예린,남성,26.0,0,0,ORD2024-000510,56000,,웹
511,1,3,최예린,남성,29.0,0,0,ORD2024-000511,8000,,전화
512,0,3,김현우,남성,,0,0,ORD2024-000512,8000,,웹
513,1,1,한예린,남성,36.0,0,0,ORD2024-000513,26000,BS-629,웹
514,1,1,조민수,여성,54.0,1,0,ORD2024-000514,59000,,모바일
515,0,3,한지훈,남성,24.0,0,0,ORD2024-000515,7000,,웹
516,0,1,박도윤,남성,47.0,0,0,ORD2024-000516,34000,GG-231,웹
517,1,2,서현우,여성,34.0,0,0,ORD2024-000517,10000,BS-755,웹
518,0,3,이지아,남성,,0,0,ORD2024-000518,24000,,전화
519,1,2,이도윤,여성,36.0,1,0,ORD2024-000519,26000,,웹
520,0,3,한지훈,남성,32.0,0,0,ORD2024-000520,8000,,웹
521,1,1,박예린,여성,30.0,0,0,ORD2024-000521,94000,BS-286,웹
522,0,3,박서연,남성,22.0,0,0,ORD2024-000522,8000,,웹
523,0,3,한수빈,남성,,0,0,ORD2024-000523,7000,,모바일
524,1,1,윤채원,여성,44.0,0,1,ORD2024-000524,58000,SEO-543,모바일
525,0,3,조서연,남성,,0,0,ORD2024-000525,7000,,모바일
526,0,3,윤도윤,남성,40.5,0,0,ORD2024-000526,8000,,전화
527,1,2,조현우,여성,50.0,0,0,ORD2024-000527,10000,,웹
528,0,1,한도윤,남성,,0,0,ORD2024-000528,222000,BS-989,웹
529,0,3,김채원,남성,39.0,0,0,ORD2024-000529,8000,,웹
530,0,2,이하영,남성,23.0,2,1,ORD2024-000530,12000,,웹
531,1,2,정하영,여성,2.0,1,1,ORD2024-000531,26000,,웹
532,0,3,이예린,남성,,0,0,ORD2024-000532,7000,,모바일
533,0,3,이서연,남성,17.0,1,1,ORD2024-000533,7000,,모바일
534,1,3,한민수,여성,,0,2,ORD2024-000534,22000,,모바일
535,0,3,정지훈,여성,30.0,0,0,ORD2024-000535,9000,,웹
536,1,2,김현우,여성,7.0,0,2,ORD2024-000536,26000,,웹
537,0,1,김수빈,남성,45.0,0,0,ORD2024-000537,27000,SEO-951,웹
538,1,1,윤현우,여성,30.0,0,0,ORD2024-000538,106000,,모바일
539,0,3,조민수,남성,,0,0,ORD2024-000539,14000,,웹
540,1,1,최도윤,여성,22.0,0,2,ORD2024-000540,50000,SEO-630,모바일
541,1,1,조채원,여성,36.0,0,2,ORD2024-000541,71000,SEO-411,웹
542,0,3,박민수,여성,9.0,4,2,ORD2024-000542,31000,,웹
543,0,3,박서연,여성,11.0,4,2,ORD2024-000543,31000,,웹
544,1,2,서예린,남성,32.0,1,0,ORD2024-000544,26000,,웹
545,0,1,서하영,남성,50.0,1,0,ORD2024-000545,106000,SEO-265,모바일
546,0,1,한채원,남성,64.0,0,0,ORD2024-000546,26000,,웹
547,1,2,박하영,여성,19.0,1,0,ORD2024-000547,26000,,웹
548,1,2,한수빈,남성,,0,0,ORD2024-000548,14000,,모바일
549,0,3,한수빈,남성,33.0,1,1,ORD2024-000549,21000,,웹
550,1,2,김지아,남성,8.0,1,1,ORD2024-000550,37000,,웹
551,1,1,정도윤,남성,17.0,0,2,ORD2024-000551,111000,GG-826,모바일
552,0,2,박서연,남성,27.0,0,0,ORD2024-000552,26000,,웹
553,0,3,한현우,남성,,0,0,ORD2024-000553,8000,,전화
554,1,3,서수빈,남성,22.0,0,0,ORD2024-000554,7000,,모바일
555,1,3,조수빈,여성,22.0,0,0,ORD2024-000555,8000,,웹
556,0,1,한수빈,남성,62.0,0,0,ORD2024-000556,27000,,웹
557,1,1,최예린,여성,48.0,1,0,ORD2024-000557,40000,SEO-454,모바일
558,0,1,한서연,남성,,0,0,ORD2024-000558,228000,,모바일
559,1,1,최예린,여성,39.0,1,1,ORD2024-000559,80000,BS-390,웹
560,1,3,서현우,여성,36.0,1,0,ORD2024-000560,17000,,웹
561,0,3,서수빈,남성,,0,0,ORD2024-000561,8000,,전화
562,0,3,정지훈,남성,40.0,0,0,ORD2024-000562,8000,,웹
563,0,2,조수빈,남성,28.0,0,0,ORD2024-000563,14000,,웹
564,0,3,김채원,남성,,0,0,ORD2024-000564,8000,,웹
565,0,3,김채원,여성,,0,0,ORD2024-000565,8000,,웹
566,0,3,한수빈,남성,24.0,2,0,ORD2024-000566,24000,,웹
567,0,3,최채원,남성,19.0,0,0,ORD2024-000567,8000,,웹
568,0,3,윤하영,여성,29.0,0,4,ORD2024-000568,21000,,웹
569,0,3,최채원,남성,,0,0,ORD2024-000569,7000,,모바일
570,1,3,정민수,남성,32.0,0,0,ORD2024-000570,8000,,웹
571,1,2,이지훈,남성,62.0,0,0,ORD2024-000571,10000,,웹
572,1,1,정지아,여성,53.0,2,0,ORD2024-000572,51000,SEO-356,웹
573,1,1,김채원,남성,36.0,0,0,ORD2024-000573,26000,SEO-750,웹
574,1,3,윤민수,여성,,0,0,ORD2024-000574,8000,,전화
575,0,3,이수빈,남성,16.0,0,0,ORD2024-000575,8000,,웹
576,0,3,윤예린,남성,19.0,0,0,ORD2024-000576,14000,,웹
577,1,2,박하영,여성,34.0,0,0,ORD2024-000577,13000,,웹
578,1,1,박도윤,여성,39.0,1,0,ORD2024-000578,56000,BS-381,웹
579,0,3,윤도윤,여성,,1,0,ORD2024-000579,14000,,모바일
580,1,3,장수빈,남성,32.0,0,0,ORD2024-000580,8000,,웹
581,1,2,박수빈,여성,25.0,1,1,ORD2024-000581,30000,,웹
582,1,1,한수빈,여성,39.0,1,1,ORD2024-000582,111000,SEO-740,모바일
583,0,2,윤서연,남성,54.0,0,0,ORD2024-000583,26000,,웹
584,0,1,한서연,남성,36.0,0,0,ORD2024-000584,40000,GG-729,모바일
585,0,3,박하영,남성,,0,0,ORD2024-000585,9000,,모바일
586,1,1,조도윤,여성,18.0,0,2,ORD2024-000586,80000,BS-195,웹
587,0,2,윤서연,남성,47.0,0,0,ORD2024-000587,15000,,웹
588,1,1,조지훈,남성,60.0,1,1,ORD2024-000588,79000,BS-756,모바일
589,0,3,정도윤,남성,22.0,0,0,ORD2024-000589,8000,,웹
590,0,3,이지아,남성,,0,0,ORD2024-000590,8000,,웹
591,0,3,윤수빈,남성,35.0,0,0,ORD2024-000591,7000,,웹
592,1,1,서예린,여성,52.0,1,0,ORD2024-000592,78000,SEO-706,모바일
593,0,3,윤서연,남성,47.0,0,0,ORD2024-000593,7000,,웹
594,0,3,최지아,여성,,0,2,ORD2024-000594,8000,,전화
595,0,2,김채원,남성,37.0,1,0,ORD2024-000595,26000,,웹
596,0,3,장현우,남성,36.0,1,1,ORD2024-000596,24000,,웹
597,1,2,서하영,여성,,0,0,ORD2024-000597,33000,,웹
598,0,3,이지아,남성,49.0,0,0,ORD2024-000598,0,,웹
599,0,3,정예린,남성,,0,0,ORD2024-000599,7000,,모바일
600,1,1,이민수,남성,49.0,1,0,ORD2024-000600,57000,BS-257,모바일
601,1,2,김지훈,여성,24.0,2,1,ORD2024-000601,27000,,웹
602,0,3,정지아,남성,,0,0,ORD2024-000602,8000,,웹
603,0,1,이서연,남성,,0,0,ORD2024-000603,42000,,웹
604,0,3,최도윤,남성,44.0,0,0,ORD2024-000604,8000,,웹
605,1,1,박예린,남성,35.0,0,0,ORD2024-000605,27000,,모바일
606,0,3,한현우,남성,36.0,1,0,ORD2024-000606,16000,,웹
607,0,3,장예린,남성,30.0,0,0,ORD2024-000607,8000,,웹
608,1,1,서민수,남성,27.0,0,0,ORD2024-000608,30000,,웹
609,1,2,조서연,여성,22.0,1,2,ORD2024-000609,42000,,모바일
610,1,1,한채원,여성,40.0,0,0,ORD2024-000610,153000,SEO-774,웹
611,0,3,조수빈,여성,39.0,1,5,ORD2024-000611,31000,,웹
612,0,3,김현우,남성,,0,0,ORD2024-000612,7000,,웹
613,1,3,최지아,여성,,1,0,ORD2024-000613,16000,,전화
614,0,3,한하영,남성,,0,0,ORD2024-000614,8000,,전화
615,0,3,윤서연,남성,35.0,0,0,ORD2024-000615,8000,,웹
616,1,2,윤도윤,여성,24.0,1,2,ORD2024-000616,65000,,웹
617,0,3,윤지훈,남성,34.0,1,1,ORD2024-000617,14000,,웹
618,0,3,조수빈,여성,26.0,1,0,ORD2024-000618,16000,,웹
619,1,2,최서연,여성,4.0,2,1,ORD2024-000619,39000,BS-837,웹
620,0,2,한서연,남성,26.0,0,0,ORD2024-000620,10000,,웹
621,0,3,최채원,남성,27.0,1,0,ORD2024-000621,14000,,모바일
622,1,1,김지훈,남성,42.0,1,0,ORD2024-000622,53000,BS-445,웹
623,1,3,윤하영,남성,20.0,1,1,ORD2024-000623,16000,,모바일
624,0,3,박채원,남성,21.0,0,0,ORD2024-000624,8000,,웹
625,0,3,최서연,남성,21.0,0,0,ORD2024-000625,16000,,웹
626,0,1,장하영,남성,61.0,0,0,ORD2024-000626,32000,BS-142,웹
627,0,2,서하영,남성,57.0,0,0,ORD2024-000627,12000,,전화
628,1,1,최현우,여성,21.0,0,0,ORD2024-000628,78000,SEO-183,웹
629,0,3,박채원,남성,26.0,0,0,ORD2024-000629,8000,,웹
630,0,3,김수빈,남성,,0,0,ORD2024-000630,8000,,전화
631,1,1,박민수,남성,80.0,0,0,ORD2024-000631,30000,SEO-756,웹
632,0,3,장수빈,남성,51.0,0,0,ORD2024-000632,7000,,웹
633,1,1,박서연,남성,32.0,0,0,ORD2024-000633,30000,BS-371,모바일
634,0,1,김민수,남성,,0,0,ORD2024-000634,0,,웹
635,0,3,김현우,여성,9.0,3,2,ORD2024-000635,28000,,웹
636,1,2,최채원,여성,28.0,0,0,ORD2024-000636,13000,,웹
637,0,3,윤지훈,남성,32.0,0,0,ORD2024-000637,8000,,웹
638,0,2,박수빈,남성,31.0,1,1,ORD2024-000638,26000,,웹
639,0,3,김민수,여성,41.0,0,5,ORD2024-000639,40000,,웹
640,0,3,조도윤,남성,,1,0,ORD2024-000640,16000,,웹
641,0,3,이서연,남성,20.0,0,0,ORD2024-000641,8000,,웹
642,1,1,한지아,여성,24.0,0,0,ORD2024-000642,69000,BS-315,모바일
643,0,3,윤도윤,여성,2.0,3,2,ORD2024-000643,28000,,웹
644,1,3,서서연,남성,,0,0,ORD2024-000644,56000,,웹
645,1,3,한도윤,여성,0.75,2,1,ORD2024-000645,19000,,모바일
646,1,1,최채원,남성,48.0,1,0,ORD2024-000646,77000,BS-526,모바일
647,0,3,김도윤,남성,19.0,0,0,ORD2024-000647,8000,,웹
648,1,1,정지아,남성,56.0,0,0,ORD2024-000648,36000,BS-754,모바일
649,0,3,김지훈,남성,,0,0,ORD2024-000649,8000,,웹
650,1,3,한예린,여성,23.0,0,0,ORD2024-000650,8000,,웹
651,0,3,조서연,남성,,0,0,ORD2024-000651,8000,,웹
652,1,2,한지아,여성,18.0,0,1,ORD2024-000652,23000,,웹
653,0,3,이서연,남성,21.0,0,0,ORD2024-000653,8000,,웹
654,1,3,윤채원,여성,,0,0,ORD2024-000654,8000,,전화
655,0,3,박서연,여성,18.0,0,0,ORD2024-000655,7000,,전화
656,0,2,박수빈,남성,24.0,2,0,ORD2024-000656,74000,,웹
657,0,3,서채원,남성,,0,0,ORD2024-000657,8000,,웹
658,0,3,장현우,여성,32.0,1,1,ORD2024-000658,16000,,전화
659,0,2,조채원,남성,23.0,0,0,ORD2024-000659,13000,,웹
660,0,1,장수빈,남성,58.0,0,2,ORD2024-000660,113000,SEO-609,모바일
661,1,1,한도윤,남성,50.0,2,0,ORD2024-000661,134000,,웹
662,0,3,서예린,남성,40.0,0,0,ORD2024-000662,7000,,모바일
663,0,1,이서연,남성,47.0,0,0,ORD2024-000663,26000,BS-658,웹
664,0,3,장하영,남성,36.0,0,0,ORD2024-000664,7000,,웹
665,1,3,조지아,남성,20.0,1,0,ORD2024-000665,8000,,웹
666,0,2,최예린,남성,32.0,2,0,ORD2024-000666,74000,,웹
667,0,2,윤지아,남성,25.0,0,0,ORD2024-000667,13000,,웹
668,0,3,조예린,남성,,0,0,ORD2024-000668,8000,,웹
669,0,3,이현우,남성,43.0,0,0,ORD2024-000669,8000,,웹
670,1,1,조현우,여성,,1,0,ORD2024-000670,52000,GG-757,웹
671,1,2,정현우,여성,40.0,1,1,ORD2024-000671,39000,,웹
672,0,1,박지아,남성,31.0,1,0,ORD2024-000672,52000,GG-594,웹
673,0,2,이서연,남성,70.0,0,0,ORD2024-000673,10000,,웹
674,1,2,이서연,남성,31.0,0,0,ORD2024-000674,13000,,웹
675,0,2,조서연,남성,,0,0,ORD2024-000675,0,,웹
676,0,3,윤민수,남성,18.0,0,0,ORD2024-000676,8000,,웹
677,0,3,장지훈,남성,24.5,0,0,ORD2024-000677,8000,,웹
678,1,3,서도윤,여성,18.0,0,0,ORD2024-000678,10000,,웹
679,0,3,장현우,여성,43.0,1,6,ORD2024-000679,47000,,웹
680,1,1,이예린,남성,36.0,0,1,ORD2024-000680,512000,SEO-924,모바일
681,0,3,윤예린,여성,,0,0,ORD2024-000681,8000,,전화
682,1,1,김수빈,남성,27.0,0,0,ORD2024-000682,77000,BS-515,모바일
683,0,3,서수빈,남성,20.0,0,0,ORD2024-000683,9000,,웹
684,0,3,윤서연,남성,14.0,5,2,ORD2024-000684,47000,,웹
685,0,2,서도윤,남성,60.0,1,1,ORD2024-000685,39000,,웹
686,0,2,최민수,남성,25.0,1,2,ORD2024-000686,42000,,모바일
687,0,3,한하영,남성,14.0,4,1,ORD2024-000687,40000,,웹
688,0,3,이현우,남성,19.0,0,0,ORD2024-000688,10000,,웹
689,0,3,장현우,남성,18.0,0,0,ORD2024-000689,8000,,웹
690,1,1,이수빈,여성,15.0,0,1,ORD2024-000690,211000,GG-564,웹
691,1,1,서하영,남성,31.0,1,0,ORD2024-000691,57000,SEO-805,웹
692,1,3,조도윤,여성,4.0,0,1,ORD2024-000692,13000,,모바일
693,1,3,서채원,남성,,0,0,ORD2024-000693,56000,,웹
694,0,3,장지훈,남성,25.0,0,0,ORD2024-000694,7000,,모바일
695,0,1,서수빈,남성,60.0,0,0,ORD2024-000695,27000,,웹
696,0,2,김민수,남성,52.0,0,0,ORD2024-000696,14000,,웹
697,0,3,정수빈,남성,44.0,0,0,ORD2024-000697,8000,,웹
698,1,3,윤현우,여성,,0,0,ORD2024-000698,8000,,전화
699,0,1,김민수,남성,49.0,1,1,ORD2024-000699,111000,SEO-261,모바일
700,0,3,박채원,남성,42.0,0,0,ORD2024-000700,8000,GG-525,웹
701,1,1,조서연,여성,18.0,1,0,ORD2024-000701,228000,GG-575,모바일
702,1,1,박지훈,남성,35.0,0,0,ORD2024-000702,26000,SEO-448,웹
703,0,3,이도윤,여성,18.0,0,1,ORD2024-000703,14000,,모바일
704,0,3,최예린,남성,25.0,0,0,ORD2024-000704,8000,,전화
705,0,3,조지아,남성,26.0,1,0,ORD2024-000705,8000,,웹
706,0,2,윤민수,남성,39.0,0,0,ORD2024-000706,26000,,웹
707,1,2,윤수빈,여성,45.0,0,0,ORD2024-000707,14000,,웹
708,1,1,윤채원,남성,42.0,0,0,ORD2024-000708,26000,BS-247,웹
709,1,1,서서연,여성,22.0,0,0,ORD2024-000709,152000,,웹
710,1,3,김민수,남성,,1,1,ORD2024-000710,15000,,모바일
711,1,1,박채원,여성,24.0,0,0,ORD2024-000711,50000,GG-982,모바일
712,0,1,김서연,남성,,0,0,ORD2024-000712,27000,BS-426,웹
713,1,1,정지아,남성,48.0,1,0,ORD2024-000713,52000,BS-981,웹
714,0,3,조지아,남성,29.0,0,0,ORD2024-000714,9000,,웹
715,0,2,서지아,남성,52.0,0,0,ORD2024-000715,13000,,웹
716,0,3,조수빈,남성,19.0,0,0,ORD2024-000716,8000,GG-508,웹
717,1,1,최도윤,여성,38.0,0,0,ORD2024-000717,228000,SEO-878,모바일
718,1,2,이현우,여성,27.0,0,0,ORD2024-000718,10000,GG-627,웹
719,0,3,조서연,남성,,0,0,ORD2024-000719,16000,,전화
720,0,3,정채원,남성,33.0,0,0,ORD2024-000720,8000,,웹
721,1,2,한도윤,여성,6.0,0,1,ORD2024-000721,33000,,웹
722,0,3,정지훈,남성,17.0,1,0,ORD2024-000722,7000,,웹
723,0,2,최예린,남성,34.0,0,0,ORD2024-000723,13000,,웹
724,0,2,서지훈,남성,50.0,0,0,ORD2024-000724,13000,,웹
725,1,1,김하영,남성,27.0,1,0,ORD2024-000725,53000,BS-208,웹
726,0,3,정하영,남성,20.0,0,0,ORD2024-000726,9000,,웹
727,1,2,박수빈,여성,30.0,3,0,ORD2024-000727,21000,,웹
728,1,3,정현우,여성,,0,0,ORD2024-000728,8000,,전화
729,0,2,이지훈,남성,25.0,1,0,ORD2024-000729,26000,,웹
730,0,3,한예린,여성,25.0,1,0,ORD2024-000730,8000,,웹
731,1,1,박민수,여성,29.0,0,0,ORD2024-000731,211000,GG-347,웹
732,0,3,조도윤,남성,11.0,0,0,ORD2024-000732,19000,,모바일
733,0,2,최도윤,남성,,0,0,ORD2024-000733,0,,웹
734,0,2,장현우,남성,23.0,0,0,ORD2024-000734,13000,,웹
735,0,2,이예린,남성,23.0,0,0,ORD2024-000735,13000,,웹
736,0,3,김예린,남성,28.5,0,0,ORD2024-000736,16000,,웹
737,0,3,김지아,여성,48.0,1,3,ORD2024-000737,34000,,웹
738,1,1,이현우,남성,35.0,0,0,ORD2024-000738,512000,GG-225,모바일
739,0,3,서예린,남성,,0,0,ORD2024-000739,8000,,웹
740,0,3,서예린,남성,,0,0,ORD2024-000740,8000,,웹
741,1,1,조수빈,남성,,0,0,ORD2024-000741,30000,GG-560,웹
742,0,1,이예린,남성,36.0,1,0,ORD2024-000742,79000,SEO-244,웹
743,1,1,김현우,여성,21.0,2,2,ORD2024-000743,262000,SEO-151,모바일
744,0,3,박채원,남성,24.0,1,0,ORD2024-000744,16000,,웹
745,1,3,한현우,남성,31.0,0,0,ORD2024-000745,8000,,웹
746,0,1,이예린,남성,70.0,1,1,ORD2024-000746,71000,GG-493,웹
747,0,3,이하영,남성,16.0,1,1,ORD2024-000747,20000,,웹
748,1,2,조채원,여성,30.0,0,0,ORD2024-000748,13000,,웹
749,0,1,조도윤,남성,19.0,1,0,ORD2024-000749,53000,BS-528,웹
750,0,3,이예린,남성,31.0,0,0,ORD2024-000750,8000,,전화
751,1,2,정현우,여성,4.0,1,1,ORD2024-000751,23000,,웹
752,1,3,최현우,남성,6.0,0,1,ORD2024-000752,12000,SEO-986,웹
753,0,3,박서연,남성,33.0,0,0,ORD2024-000753,10000,,웹
754,0,3,장서연,남성,23.0,0,0,ORD2024-000754,8000,,웹
755,1,2,장도윤,여성,48.0,1,2,ORD2024-000755,65000,,웹
756,1,2,최현우,남성,0.67,1,1,ORD2024-000756,14000,,웹
757,0,3,윤민수,남성,28.0,0,0,ORD2024-000757,8000,,웹
758,0,2,최서연,남성,18.0,0,0,ORD2024-000758,12000,,웹
759,0,3,박수빈,남성,34.0,0,0,ORD2024-000759,8000,,웹
760,1,1,최민수,여성,33.0,0,0,ORD2024-000760,86000,SEO-933,웹
761,0,3,서민수,남성,,0,0,ORD2024-000761,14000,,웹
762,0,3,이민수,남성,41.0,0,0,ORD2024-000762,7000,,웹
763,1,3,한지아,남성,20.0,0,0,ORD2024-000763,7000,,모바일
764,1,1,서채원,여성,36.0,1,2,ORD2024-000764,120000,GG-691,웹
765,0,3,한채원,남성,16.0,0,0,ORD2024-000765,8000,,웹
766,1,1,서현우,여성,51.0,1,0,ORD2024-000766,78000,BS-420,웹
767,0,1,윤민수,남성,,0,0,ORD2024-000767,40000,,모바일
768,0,3,한서연,여성,30.5,0,0,ORD2024-000768,8000,,전화
769,0,3,한지아,남성,,1,0,ORD2024-000769,24000,,전화
770,0,3,정수빈,남성,32.0,0,0,ORD2024-000770,8000,,웹
771,0,3,서지훈,남성,24.0,0,0,ORD2024-000771,10000,,웹
772,0,3,윤도윤,남성,48.0,0,0,ORD2024-000772,8000,,웹
773,0,2,이수빈,여성,57.0,0,0,ORD2024-000773,10000,SEO-881,웹
774,0,3,한지아,남성,,0,0,ORD2024-000774,7000,,모바일
775,1,2,김지훈,여성,54.0,1,3,ORD2024-000775,23000,,웹
776,0,3,윤수빈,남성,18.0,0,0,ORD2024-000776,8000,,웹
777,0,3,이서연,남성,,0,0,ORD2024-000777,8000,SEO-610,전화
778,1,3,서채원,여성,5.0,0,0,ORD2024-000778,12000,,웹
779,0,3,장예린,남성,,0,0,ORD2024-000779,8000,,전화
780,1,1,한채원,여성,43.0,0,1,ORD2024-000780,211000,BS-578,웹
781,1,3,장지훈,여성,13.0,0,0,ORD2024-000781,7000,,모바일
782,1,1,한채원,여성,17.0,1,0,ORD2024-000782,57000,GG-415,웹
783,0,1,최현우,남성,29.0,0,0,ORD2024-000783,30000,GG-123,웹
784,0,3,서지아,남성,,1,2,ORD2024-000784,23000,,웹
785,0,3,장민수,남성,25.0,0,0,ORD2024-000785,7000,,웹
786,0,3,김지아,남성,25.0,0,0,ORD2024-000786,7000,,웹
787,1,3,이현우,여성,18.0,0,0,ORD2024-000787,7000,,웹
788,0,3,이도윤,남성,8.0,4,1,ORD2024-000788,29000,,전화
789,1,3,박지훈,남성,1.0,1,2,ORD2024-000789,21000,,웹
790,0,1,최지아,남성,46.0,0,0,ORD2024-000790,79000,SEO-502,모바일
791,0,3,한도윤,남성,,0,0,ORD2024-000791,8000,,전화
792,0,2,장채원,남성,16.0,0,0,ORD2024-000792,26000,,웹
793,0,3,박현우,여성,,8,2,ORD2024-000793,70000,,웹
794,0,1,윤수빈,남성,,0,0,ORD2024-000794,31000,,모바일
795,0,3,조예린,남성,25.0,0,0,ORD2024-000795,8000,,웹
796,0,2,윤채원,남성,39.0,0,0,ORD2024-000796,13000,,웹
797,1,1,김현우,여성,49.0,0,0,ORD2024-000797,26000,BS-568,웹
798,1,3,이현우,여성,31.0,0,0,ORD2024-000798,9000,,웹
799,0,3,이도윤,남성,30.0,0,0,ORD2024-000799,7000,,모바일
800,0,3,조수빈,여성,30.0,1,1,ORD2024-000800,24000,,웹
801,0,2,정채원,남성,34.0,0,0,ORD2024-000801,13000,,웹
802,1,2,박현우,여성,31.0,1,1,ORD2024-000802,26000,,웹
803,1,1,이채원,남성,11.0,1,2,ORD2024-000803,120000,SEO-320,웹
804,1,3,박현우,남성,0.42,0,1,ORD2024-000804,9000,,모바일
805,1,3,정예린,남성,27.0,0,0,ORD2024-000805,7000,,웹
806,0,3,박채원,남성,31.0,0,0,ORD2024-000806,8000,,웹
807,0,1,이수빈,남성,39.0,0,0,ORD2024-000807,0,BS-461,웹
808,0,3,장예린,여성,18.0,0,0,ORD2024-000808,8000,,웹
809,0,2,윤민수,남성,39.0,0,0,ORD2024-000809,13000,,웹
810,1,1,장서연,여성,33.0,1,0,ORD2024-000810,53000,SEO-151,웹
811,0,3,조도윤,남성,26.0,0,0,ORD2024-000811,8000,,웹
812,0,3,윤지훈,남성,39.0,0,0,ORD2024-000812,24000,,웹
813,0,2,윤수빈,남성,35.0,0,0,ORD2024-000813,10000,,웹
814,0,3,박하영,여성,6.0,4,2,ORD2024-000814,31000,,웹
815,0,3,윤지아,남성,30.5,0,0,ORD2024-000815,8000,,웹
816,0,1,최하영,남성,,0,0,ORD2024-000816,0,GG-606,웹
817,0,3,박민수,여성,23.0,0,0,ORD2024-000817,8000,,웹
818,0,2,이수빈,남성,31.0,1,1,ORD2024-000818,37000,,모바일
819,0,3,이도윤,남성,43.0,0,0,ORD2024-000819,6000,,웹
820,0,3,장도윤,남성,10.0,3,2,ORD2024-000820,28000,,웹
821,1,1,김현우,여성,52.0,1,1,ORD2024-000821,94000,BS-963,웹
822,1,3,서민수,남성,27.0,0,0,ORD2024-000822,9000,,웹
823,0,1,서예린,남성,38.0,0,0,ORD2024-000823,0,,웹
824,1,3,박민수,여성,27.0,0,1,ORD2024-000824,12000,BS-788,웹
825,0,3,박채원,남성,2.0,4,1,ORD2024-000825,40000,,웹
826,0,3,박지아,남성,,0,0,ORD2024-000826,7000,,전화
827,0,3,김예린,남성,,0,0,ORD2024-000827,56000,,웹
828,1,2,윤하영,남성,1.0,0,2,ORD2024-000828,37000,,모바일
829,1,3,한채원,남성,,0,0,ORD2024-000829,8000,,전화
830,1,1,정지아,여성,62.0,0,0,ORD2024-000830,80000,GG-392,
831,1,3,최도윤,여성,15.0,1,0,ORD2024-000831,14000,,모바일
832,1,2,최수빈,남성,0.83,1,1,ORD2024-000832,19000,,웹
833,0,3,한하영,남성,,0,0,ORD2024-000833,7000,,모바일
834,0,3,윤채원,남성,23.0,0,0,ORD2024-000834,8000,,웹
835,0,3,한지아,남성,18.0,0,0,ORD2024-000835,8000,,웹
836,1,1,정예린,여성,39.0,1,1,ORD2024-000836,83000,BS-108,모바일
837,0,3,장도윤,남성,21.0,0,0,ORD2024-000837,9000,,웹
838,0,3,조민수,남성,,0,0,ORD2024-000838,8000,,웹
839,1,3,최채원,남성,32.0,0,0,ORD2024-000839,56000,,웹
840,1,1,박수빈,남성,,0,0,ORD2024-000840,30000,SEO-541,모바일
841,0,3,김지아,남성,20.0,0,0,ORD2024-000841,8000,,웹
842,0,2,윤도윤,남성,16.0,0,0,ORD2024-000842,10000,,웹
843,1,1,이도윤,여성,30.0,0,0,ORD2024-000843,31000,,모바일
844,0,3,이수빈,남성,34.5,0,0,ORD2024-000844,6000,,모바일
845,0,3,이민수,남성,17.0,0,0,ORD2024-000845,9000,,웹
846,0,3,정지아,남성,42.0,0,0,ORD2024-000846,8000,,웹
847,0,3,장민수,남성,,8,2,ORD2024-000847,70000,,웹
848,0,3,조서연,남성,35.0,0,0,ORD2024-000848,8000,,모바일
849,0,2,최지아,남성,28.0,0,1,ORD2024-000849,33000,,웹
850,1,1,윤지훈,여성,,1,0,ORD2024-000850,89000,SEO-370,모바일
851,0,3,조지훈,남성,4.0,4,2,ORD2024-000851,31000,,웹
852,0,3,조도윤,남성,74.0,0,0,ORD2024-000852,8000,,웹
853,0,3,윤하영,여성,9.0,1,1,ORD2024-000853,15000,,모바일
854,1,1,조서연,여성,16.0,0,1,ORD2024-000854,39000,BS-474,웹
855,0,2,윤하영,여성,44.0,1,0,ORD2024-000855,26000,,웹
856,1,3,김현우,여성,18.0,0,1,ORD2024-000856,9000,,웹
857,1,1,이현우,여성,45.0,1,1,ORD2024-000857,165000,,웹
858,1,1,박민수,남성,51.0,0,0,ORD2024-000858,27000,GG-474,웹
859,1,3,김수빈,여성,24.0,0,3,ORD2024-000859,19000,,모바일
860,0,3,한민수,남성,,0,0,ORD2024-000860,7000,,모바일
861,0,3,한지아,남성,41.0,2,0,ORD2024-000861,14000,,웹
862,0,2,서지훈,남성,21.0,1,0,ORD2024-000862,12000,,웹
863,1,1,이지훈,여성,48.0,0,0,ORD2024-000863,26000,SEO-510,웹
864,0,3,정하영,여성,,8,2,ORD2024-000864,70000,,웹
865,0,2,박도윤,남성,24.0,0,0,ORD2024-000865,13000,,웹
866,1,2,서도윤,여성,42.0,0,0,ORD2024-000866,13000,,웹
867,1,2,조서연,여성,27.0,1,0,ORD2024-000867,14000,,모바일
868,0,1,정하영,남성,31.0,0,0,ORD2024-000868,50000,SEO-683,웹
869,0,3,정서연,남성,,0,0,ORD2024-000869,10000,,웹
870,1,3,김하영,남성,4.0,1,1,ORD2024-000870,11000,,웹
871,0,3,조채원,남성,26.0,0,0,ORD2024-000871,8000,,웹
872,1,1,한서연,여성,47.0,1,1,ORD2024-000872,53000,BS-299,웹
873,0,1,이지아,남성,33.0,0,0,ORD2024-000873,5000,GG-666,웹
874,0,3,서도윤,남성,47.0,0,0,ORD2024-000874,9000,,웹
875,1,2,김도윤,여성,28.0,1,0,ORD2024-000875,24000,,모바일
876,1,3,서하영,여성,15.0,0,0,ORD2024-000876,7000,,모바일
877,0,3,박수빈,남성,20.0,0,0,ORD2024-000877,10000,,웹
878,0,3,조지훈,남성,19.0,0,0,ORD2024-000878,8000,,웹
879,0,3,서현우,남성,,0,0,ORD2024-000879,8000,,웹
880,1,1,최채원,여성,56.0,0,1,ORD2024-000880,83000,GG-175,모바일
881,1,2,조민수,여성,25.0,0,1,ORD2024-000881,26000,,웹
882,0,3,이도윤,남성,33.0,0,0,ORD2024-000882,8000,,웹
883,0,3,윤서연,여성,22.0,0,0,ORD2024-000883,11000,,웹
884,0,2,장도윤,남성,28.0,0,0,ORD2024-000884,10000,,웹
885,0,3,장도윤,남성,25.0,0,0,ORD2024-000885,7000,,웹
886,0,3,장지훈,여성,39.0,0,5,ORD2024-000886,29000,,전화
887,0,2,조지아,남성,27.0,0,0,ORD2024-000887,13000,,웹
888,1,1,김예린,여성,19.0,0,0,ORD2024-000888,30000,GG-616,웹
889,0,3,윤수빈,여성,,1,2,ORD2024-000889,23000,,웹
890,1,1,김현우,남성,26.0,0,0,ORD2024-000890,30000,GG-882,모바일
891,0,3,이현우,남성,32.0,0,0,ORD2024-000891,8000,,전화
